"empresa","numvenda","datae","horae","atendente","cliente","st_caixa","itemv","cod_prod","cod_bar","nome_pro","grupo","nome_gru","sgrupo","nome_sgru","fabricante","nome_fab","classe","nome_cla","depto","nome_dep","dcb","nome_dcb","linha","nome_lin","fciapop","p_contr","antibio","qt_ven","qt_dev","vlr_ven","vlr_dev","vlr_desc","vlr_desc_sist","custo_med","custo_ult"
"1","2055623629","1967-11-19T13:26:34.595Z","13:6:18","13","192852","PA","1","3793683536","3278726781252","Inteligente Aço Salada","3","Fantástico","1","GERAL","158","NOVARTIS","6","Refinado","75","Bebê","9569","Beleza","6","Beleza","N","N","N","1","0","192.81005959026515","0","0","0","0","0"
"1","7587960965","1969-08-02T11:47:14.936Z","15:21:25","8","192852","PA","1","9234956642","8767596889054","Impressionante Aço Salgadinhos","3","Incrível","1","GERAL","158","NOVARTIS","6","Lindo","44","Eletrônicos","4172","Brinquedos","33","Roupas","N","N","N","1","0","224.48069007741287","0","0","0","0","0"
"1","5061956809","1968-12-11T19:49:41.225Z","1:0:48","7","138531","PA","1","4927592715","9709332173224","Licenciado Borracha Salgadinhos","3","Impressionante","1","GERAL","158","NOVARTIS","6","Refinado","45","Automotivo","9088","Casa","24","Beleza","N","N","N","1","0","125.52764256251976","0","0","0","0","0"
"1","9825954735","1968-04-15T06:36:26.363Z","20:16:2","1","138531","PA","1","6371840215","4629256705287","Incrível Concreto Sapatos","3","Genérico","1","GERAL","158","NOVARTIS","6","Prático","72","Beleza","4273","Filmes","94","Esportes","N","N","N","1","0","240.9182061208412","0","0","0","0","0"
"1","5488240027","1968-11-02T00:58:39.273Z","21:38:36","8","138531","PA","1","5102677161","2291629571700","Refinado Granito Salsicha","3","Licenciado","1","GERAL","158","NOVARTIS","6","Inteligente","1","Bebê","6957","Esportes","58","Automotivo","N","N","N","1","0","208.48794876923785","0","0","0","0","0"
"1","8574966702","1967-11-16T16:01:57.658Z","21:1:7","4","126691","PA","1","7480011668","9330243918113","Refinado Aço Mouse","3","Rústico","1","GERAL","158","NOVARTIS","6","Lustroso","93","Jogos","6595","Saúde","24","Brinquedos","N","N","N","1","0","91.0582987521775","0","0","0","0","0"
"1","5847929025","1969-05-09T14:18:05.176Z","2:53:48","3","126691","PA","1","3983711447","1114682131679","Refinado Plástico Salada","3","Gostoso","1","GERAL","158","NOVARTIS","6","Inteligente","79","Esportes","7068","Industrial","36","Música","N","N","N","1","0","291.4969730391167","0","0","0","0","0"
"1","7705293677","1969-09-18T23:19:06.943Z","4:54:0","13","661839","PA","1","797052826","8395178474718","Gostoso Macio Carro","3","Licenciado","1","GERAL","158","NOVARTIS","6","Genérico","90","Crianças","4664","Roupas","55","Sapatos","N","N","N","1","0","140.8235243326053","0","0","0","0","0"
"1","3986421656","1969-03-26T15:28:05.464Z","11:6:18","12","661839","PA","1","1232947216","4891636644024","Pequeno Borracha Salgadinhos","3","Rústico","1","GERAL","158","NOVARTIS","6","Ergonômico","95","Jogos","3289","Brinquedos","68","Música","N","N","N","1","0","242.3761715721339","0","0","0","0","0"
"1","4166416668","1969-04-17T00:04:35.234Z","19:52:8","7","661839","PA","1","3045347622","5904007910983","Sem marca Borracha Bacon","3","Fantástico","1","GERAL","158","NOVARTIS","6","Refinado","28","Beleza","9330","Ferramentas","43","Casa","N","N","N","1","0","115.27579812705517","0","0","0","0","0"
"1","8347395474","1967-08-14T11:02:26.424Z","4:53:14","13","669828","PA","1","7174283464","5469177246326","Prático Plástico Bicicleta","3","Sem marca","1","GERAL","158","NOVARTIS","6","Pequeno","62","Casa","3640","Crianças","13","Mercearia","N","N","N","1","0","296.36074626864865","0","0","0","0","0"
"1","2111338699","1968-08-03T10:44:54.573Z","22:13:49","3","669828","PA","1","2303680328","2652009714394","Feito à mão Concreto Bicicleta","3","Ergonômico","1","GERAL","158","NOVARTIS","6","Lustroso","6","Brinquedos","8676","Música","6","Roupas","N","N","N","1","0","284.32584851654246","0","0","0","0","0"
"1","5876615308","1967-12-04T05:17:00.712Z","18:56:13","1","669828","PA","1","1850993815","7780383642530","Prático Fresco Atum","3","Feito à mão","1","GERAL","158","NOVARTIS","6","Fantástico","25","Computadores","8656","Brinquedos","30","Livros","N","N","N","1","0","205.5470005935058","0","0","0","0","0"
"1","802716478","1967-11-10T07:44:38.368Z","12:55:37","15","918225","PA","1","5408921179","2231724757235","Feito à mão Madeira Frango","3","Refinado","1","GERAL","158","NOVARTIS","6","Feito à mão","48","Filmes","2213","Sapatos","79","Música","N","N","N","1","0","120.73544316412881","0","0","0","0","0"
"1","6364884251","1969-06-20T03:49:26.423Z","17:50:49","13","918225","PA","1","8096495885","1625332826981","Fantástico Metal Salgadinhos","3","Ergonômico","1","GERAL","158","NOVARTIS","6","Inteligente","99","Esportes","5511","Mercearia","63","Jogos","N","N","N","1","0","79.92392083955929","0","0","0","0","0"
"1","438231375","1969-07-10T19:27:48.918Z","22:59:23","9","579725","PA","1","5281627739","1240073703695","Prático Plástico Pizza","3","Refinado","1","GERAL","158","NOVARTIS","6","Rústico","85","Jóias","5366","Jogos","22","Industrial","N","N","N","1","0","27.45789320068434","0","0","0","0","0"
"1","2166577510","1967-06-18T15:41:14.665Z","20:27:33","6","579725","PA","1","6468731209","8892213392769","Ergonômico Algodão Bola","3","Lustroso","1","GERAL","158","NOVARTIS","6","Refinado","31","Eletrônicos","6950","Saúde","47","Jardim","N","N","N","1","0","134.07021064776927","0","0","0","0","0"
"1","8685569712","1969-09-03T07:03:49.546Z","23:12:0","1","579725","PA","1","8721710841","8666348523693","Pequeno Fresco Salsicha","3","Refinado","1","GERAL","158","NOVARTIS","6","Inteligente","41","Livros","9056","Casa","17","Livros","N","N","N","1","0","292.11195300193503","0","0","0","0","0"
"1","8237502305","1969-07-08T10:51:06.405Z","20:21:18","1","579725","PA","1","8236331539","8473170162178","Lindo Aço Sapatos","3","Feito à mão","1","GERAL","158","NOVARTIS","6","Pequeno","87","Mercearia","5110","Computadores","5","Mercearia","N","N","N","1","0","132.08113507553935","0","0","0","0","0"
"1","3324819366","1967-07-24T23:29:07.269Z","2:20:2","13","579725","PA","1","443789864","2230940980138","Fantástico Fresco Frango","3","Lindo","1","GERAL","158","NOVARTIS","6","Lustroso","71","Saúde","2062","Turismo","45","Música","N","N","N","1","0","172.00839009787887","0","0","0","0","0"
"1","8610336955","1968-04-05T16:17:17.815Z","17:51:15","2","181835","PA","1","9627164886","1199553574202","Feito à mão Macio Camiseta","3","Feito à mão","1","GERAL","158","NOVARTIS","6","Gostoso","15","Beleza","4327","Sapatos","24","Sapatos","N","N","N","1","0","49.31696001626551","0","0","0","0","0"
"1","5397413617","1968-11-25T15:18:53.122Z","1:5:41","10","181835","PA","1","4780966584","1834028817480","Gostoso Macio Salada","3","Ergonômico","1","GERAL","158","NOVARTIS","6","Rústico","4","Automotivo","4761","Música","4","Mercearia","N","N","N","1","0","150.91506824782118","0","0","0","0","0"
"1","4970155717","1967-08-17T14:35:51.911Z","20:11:18","8","181835","PA","1","5662065626","8811878012027","Incrível Madeira Cadeira","3","Refinado","1","GERAL","158","NOVARTIS","6","Rústico","73","Eletrônicos","1926","Saúde","95","Casa","N","N","N","1","0","146.26636717608199","0","0","0","0","0"
"1","6558294266","1968-03-26T14:22:07.767Z","16:23:39","10","181835","PA","1","223777364","4652698870515","Lindo Granito Carro","3","Feito à mão","1","GERAL","158","NOVARTIS","6","Prático","71","Bebê","7407","Beleza","18","Ferramentas","N","N","N","1","0","10.61871797312051","0","0","0","0","0"
"1","2489844561","1967-07-31T16:35:02.354Z","10:32:28","11","605136","PA","1","5012891078","6884910120861","Impressionante Aço Salsicha","3","Gostoso","1","GERAL","158","NOVARTIS","6","Fantástico","75","Jardim","8299","Filmes","83","Computadores","N","N","N","1","0","40.36023892369121","0","0","0","0","0"
"1","8459330927","1967-08-23T15:57:53.379Z","1:27:26","13","605136","PA","1","4136464687","1568450872553","Gostoso Madeira Bacon","3","Genérico","1","GERAL","158","NOVARTIS","6","Impressionante","84","Roupas","3913","Jogos","67","Crianças","N","N","N","1","0","230.1258976929821","0","0","0","0","0"
"1","1525488706","1967-10-31T19:15:25.249Z","3:19:37","10","605136","PA","1","277594496","8581064930418","Refinado Macio Salada","3","Fantástico","1","GERAL","158","NOVARTIS","6","Fantástico","78","Ferramentas","5516","Industrial","40","Turismo","N","N","N","1","0","278.59923306433484","0","0","0","0","0"
"1","8490263999","1969-05-23T06:37:04.154Z","9:11:56","1","605136","PA","1","6840497891","9905991008970","Pequeno Algodão Sapatos","3","Gostoso","1","GERAL","158","NOVARTIS","6","Sem marca","91","Casa","162","Industrial","36","Industrial","N","N","N","1","0","199.39447440067306","0","0","0","0","0"
"1","7502424386","1968-02-16T00:58:52.314Z","13:42:54","7","331081","PA","1","8792286014","9665299594635","Pequeno Algodão Calças","3","Incrível","1","GERAL","158","NOVARTIS","6","Gostoso","43","Livros","3707","Saúde","39","Filmes","N","N","N","1","0","8.320924677886069","0","0","0","0","0"
"1","1864473389","1968-01-02T21:39:58.609Z","14:56:54","6","331081","PA","1","4380587428","3823531347326","Pequeno Metal Salgadinhos","3","Licenciado","1","GERAL","158","NOVARTIS","6","Licenciado","64","Automotivo","1453","Música","29","Bebê","N","N","N","1","0","137.2876949380152","0","0","0","0","0"
"1","2525589352","1968-04-12T22:00:30.307Z","7:22:37","10","331081","PA","1","7921632745","8175198506331","Impressionante Plástico Sabonete","3","Feito à mão","1","GERAL","158","NOVARTIS","6","Fantástico","20","Livros","5231","Turismo","15","Livros","N","N","N","1","0","193.0476515609771","0","0","0","0","0"
"1","4216894298","1969-11-27T01:17:23.287Z","11:19:58","4","848317","PA","1","5810948843","8081365694524","Gostoso Plástico Luvas","3","Prático","1","GERAL","158","NOVARTIS","6","Incrível","48","Eletrônicos","557","Filmes","52","Beleza","N","N","N","1","0","165.34709313046187","0","0","0","0","0"
"1","6898384581","1968-12-15T22:17:39.677Z","5:48:35","7","848317","PA","1","2314288344","6997871141880","Pequeno Madeira Sabonete","3","Gostoso","1","GERAL","158","NOVARTIS","6","Feito à mão","98","Brinquedos","3851","Bebê","87","Roupas","N","N","N","1","0","59.48534244624898","0","0","0","0","0"
"1","7729893105","1969-02-28T17:11:54.786Z","21:2:25","4","848317","PA","1","4439503183","6963746060850","Lustroso Madeira Sapatos","3","Fantástico","1","GERAL","158","NOVARTIS","6","Impressionante","27","Filmes","544","Computadores","57","Crianças","N","N","N","1","0","130.2310009971261","0","0","0","0","0"
"1","5525075612","1967-09-10T03:54:39.788Z","7:27:47","2","623613","PA","1","8422129559","6609731414122","Inteligente Plástico Bola","3","Fantástico","1","GERAL","158","NOVARTIS","6","Rústico","73","Jóias","1817","Automotivo","1","Eletrônicos","N","N","N","1","0","97.43969041015953","0","0","0","0","0"
"1","5471829646","1969-06-09T13:35:13.698Z","8:44:58","5","623613","PA","1","1089088933","3715196977602","Impressionante Plástico Peixe","3","Ergonômico","1","GERAL","158","NOVARTIS","6","Lindo","43","Mercearia","1013","Casa","89","Ferramentas","N","N","N","1","0","156.1554727726616","0","0","0","0","0"
"1","2425157477","1969-03-28T01:33:15.726Z","23:56:26","7","623613","PA","1","3942443903","1123649232089","Lindo Algodão Mesa","3","Gostoso","1","GERAL","158","NOVARTIS","6","Genérico","66","Jogos","7812","Crianças","94","Eletrônicos","N","N","N","1","0","88.63619937840849","0","0","0","0","0"
"1","2100037390","1968-05-19T14:34:16.164Z","6:5:4","13","125078","PA","1","590209738","7391465244349","Ergonômico Borracha Sapatos","3","Gostoso","1","GERAL","158","NOVARTIS","6","Rústico","52","Turismo","1853","Computadores","84","Jogos","N","N","N","1","0","281.6443357737735","0","0","0","0","0"
"1","692682623","1967-04-16T05:38:48.452Z","3:59:38","3","125078","PA","1","9167325659","9385294692823","Gostoso Concreto Mesa","3","Incrível","1","GERAL","158","NOVARTIS","6","Gostoso","3","Brinquedos","5643","Industrial","95","Roupas","N","N","N","1","0","37.68487501889467","0","0","0","0","0"
"1","2274942154","1968-03-15T03:52:44.166Z","9:22:39","8","125078","PA","1","1963473021","9694332007318","Inteligente Borracha Salgadinhos","3","Gostoso","1","GERAL","158","NOVARTIS","6","Prático","48","Música","8687","Ferramentas","18","Turismo","N","N","N","1","0","3.289713444188237","0","0","0","0","0"
"1","9419848157","1969-01-01T05:49:01.700Z","10:16:14","1","125078","PA","1","7488787595","8719854622613","Lustroso Metal Salsicha","3","Feito à mão","1","GERAL","158","NOVARTIS","6","Pequeno","97","Computadores","3977","Eletrônicos","44","Saúde","N","N","N","1","0","128.70070515666157","0","0","0","0","0"
"1","5607993714","1967-11-28T02:54:50.456Z","10:52:38","4","125078","PA","1","502710399","7919969722395","Pequeno Algodão Frango","3","Incrível","1","GERAL","158","NOVARTIS","6","Pequeno","9","Jardim","8328","Esportes","43","Bebê","N","N","N","1","0","285.2972604939714","0","0","0","0","0"
"1","6731404257","1969-11-30T17:20:55.188Z","4:22:17","10","300396","PA","1","8264534576","8887265852885","Fantástico Aço Mouse","3","Lustroso","1","GERAL","158","NOVARTIS","6","Genérico","20","Saúde","7749","Brinquedos","21","Casa","N","N","N","1","0","132.60481928521767","0","0","0","0","0"
"1","3882731609","1968-10-11T13:10:48.299Z","10:51:51","11","300396","PA","1","1309355062","6883304462535","Incrível Concreto Carro","3","Rústico","1","GERAL","158","NOVARTIS","6","Genérico","98","Computadores","5651","Jogos","61","Computadores","N","N","N","1","0","231.76474073855206","0","0","0","0","0"
"1","4185161488","1967-05-24T13:13:47.640Z","10:16:41","7","300396","PA","1","9946366045","4949221926042","Gostoso Macio Sapatos","3","Lindo","1","GERAL","158","NOVARTIS","6","Incrível","90","Filmes","968","Automotivo","8","Industrial","N","N","N","1","0","13.969206816516817","0","0","0","0","0"
"1","7429855838","1969-08-16T06:19:22.811Z","12:25:44","15","300396","PA","1","8405594874","8318182207411","Licenciado Metal Atum","3","Impressionante","1","GERAL","158","NOVARTIS","6","Inteligente","7","Beleza","5149","Eletrônicos","73","Mercearia","N","N","N","1","0","43.88984857033938","0","0","0","0","0"
"1","6191038543","1968-12-31T09:27:44.879Z","16:45:31","3","300396","PA","1","4001527305","6398857943480","Ergonômico Madeira Atum","3","Rústico","1","GERAL","158","NOVARTIS","6","Sem marca","4","Automotivo","1915","Computadores","31","Música","N","N","N","1","0","241.3085613399744","0","0","0","0","0"
"1","915047117","1967-04-19T05:44:32.154Z","6:9:26","5","465896","PA","1","5395110780","3448715991573","Inteligente Macio Peixe","3","Impressionante","1","GERAL","158","NOVARTIS","6","Feito à mão","68","Filmes","4009","Jogos","49","Eletrônicos","N","N","N","1","0","75.39158441545442","0","0","0","0","0"
"1","8219690539","1967-04-19T02:30:41.559Z","18:52:45","5","465896","PA","1","8247240320","3554360172711","Rústico Fresco Frango","3","Gostoso","1","GERAL","158","NOVARTIS","6","Lustroso","99","Turismo","5023","Industrial","22","Casa","N","N","N","1","0","291.13171987980604","0","0","0","0","0"
"1","5075365819","1969-01-13T15:11:06.982Z","21:12:58","11","465896","PA","1","6128513622","2527006228687","Inteligente Metal Sabonete","3","Lindo","1","GERAL","158","NOVARTIS","6","Prático","72","Automotivo","1215","Esportes","58","Eletrônicos","N","N","N","1","0","38.471721042878926","0","0","0","0","0"
"1","9151800095","1969-03-19T23:23:20.691Z","9:4:31","14","465896","PA","1","3496881689","6223000196041","Impressionante Borracha Salsicha","3","Feito à mão","1","GERAL","158","NOVARTIS","6","Inteligente","44","Esportes","9527","Saúde","11","Livros","N","N","N","1","0","67.84867809014395","0","0","0","0","0"
"1","452600164","1968-08-19T01:24:39.651Z","6:47:36","9","399644","PA","1","4516974145","7878742608707","Refinado Granito Salgadinhos","3","Sem marca","1","GERAL","158","NOVARTIS","6","Ergonômico","68","Esportes","3248","Saúde","18","Ferramentas","N","N","N","1","0","83.26558742811903","0","0","0","0","0"
"1","6969476358","1968-04-10T06:47:35.233Z","19:57:30","1","399644","PA","1","5791220409","7143365730065","Ergonômico Plástico Calças","3","Prático","1","GERAL","158","NOVARTIS","6","Impressionante","89","Computadores","8131","Mercearia","53","Sapatos","N","N","N","1","0","293.82834164984524","0","0","0","0","0"
"1","5196664403","1968-02-27T07:16:15.790Z","15:58:19","6","448634","PA","1","5661797910","7145599027397","Genérico Concreto Camiseta","3","Pequeno","1","GERAL","158","NOVARTIS","6","Inteligente","88","Jóias","5802","Ferramentas","84","Crianças","N","N","N","1","0","46.872016600333154","0","0","0","0","0"
"1","5202204171","1969-08-11T10:50:49.542Z","20:36:21","13","448634","PA","1","2495244949","3357318617170","Gostoso Concreto Calças","3","Gostoso","1","GERAL","158","NOVARTIS","6","Fantástico","61","Sapatos","566","Beleza","97","Eletrônicos","N","N","N","1","0","167.55035094730556","0","0","0","0","0"
"1","7196687662","1969-07-14T11:54:25.807Z","14:13:19","4","448634","PA","1","1058237607","2773254063213","Lindo Madeira Mouse","3","Refinado","1","GERAL","158","NOVARTIS","6","Refinado","27","Casa","2473","Jóias","10","Industrial","N","N","N","1","0","154.28888348769397","0","0","0","0","0"
"1","7766491780","1968-05-05T06:00:25.054Z","2:19:47","12","448634","PA","1","885082006","4728721883613","Feito à mão Borracha Calças","3","Gostoso","1","GERAL","158","NOVARTIS","6","Feito à mão","68","Livros","957","Casa","79","Jogos","N","N","N","1","0","214.0460345367901","0","0","0","0","0"
"1","438176638","1968-05-19T19:32:04.105Z","11:50:53","14","448634","PA","1","4134965907","1618054694728","Ergonômico Fresco Sabonete","3","Fantástico","1","GERAL","158","NOVARTIS","6","Rústico","40","Beleza","9446","Jogos","6","Brinquedos","N","N","N","1","0","278.2581592332572","0","0","0","0","0"
"1","9772916506","1967-05-17T00:21:07.698Z","7:55:47","9","902975","PA","1","4560912680","2054396291729","Lindo Macio Peixe","3","Inteligente","1","GERAL","158","NOVARTIS","6","Genérico","43","Livros","950","Sapatos","75","Crianças","N","N","N","1","0","121.20238080341369","0","0","0","0","0"
"1","6642918056","1968-08-01T03:48:15.936Z","0:41:31","9","902975","PA","1","9579382715","1763874287018","Impressionante Macio Teclado","3","Impressionante","1","GERAL","158","NOVARTIS","6","Impressionante","69","Esportes","5179","Jardim","10","Eletrônicos","N","N","N","1","0","124.73030873201787","0","0","0","0","0"
"1","3308440072","1968-09-09T04:11:30.120Z","14:47:19","7","902975","PA","1","4955604654","7619510994525","Gostoso Aço Salsicha","3","Lindo","1","GERAL","158","NOVARTIS","6","Gostoso","98","Crianças","5007","Sapatos","40","Sapatos","N","N","N","1","0","238.20288215857","0","0","0","0","0"
"1","2172904883","1969-12-11T02:51:59.888Z","8:10:1","3","902975","PA","1","9477197458","3133357269922","Sem marca Borracha Frango","3","Feito à mão","1","GERAL","158","NOVARTIS","6","Rústico","72","Saúde","4430","Filmes","38","Bebê","N","N","N","1","0","92.54926092969254","0","0","0","0","0"
"1","8339016670","1967-03-06T19:48:08.095Z","11:3:5","8","902975","PA","1","7249950233","8098935724701","Pequeno Concreto Teclado","3","Incrível","1","GERAL","158","NOVARTIS","6","Incrível","83","Brinquedos","7020","Beleza","81","Crianças","N","N","N","1","0","196.40388175286353","0","0","0","0","0"
"1","8618264673","1967-07-22T19:28:21.591Z","4:44:9","5","687823","PA","1","6859191214","1831817505881","Ergonômico Borracha Pizza","3","Lustroso","1","GERAL","158","NOVARTIS","6","Rústico","97","Livros","7886","Mercearia","26","Filmes","N","N","N","1","0","99.09223156888038","0","0","0","0","0"
"1","2805278194","1969-09-27T08:12:40.070Z","4:12:36","5","687823","PA","1","43098522","8752060270868","Inteligente Fresco Luvas","3","Lindo","1","GERAL","158","NOVARTIS","6","Feito à mão","88","Filmes","8491","Bebê","4","Industrial","N","N","N","1","0","213.2135018161498","0","0","0","0","0"
"1","5104037032","1967-03-17T12:53:23.433Z","15:50:49","13","687823","PA","1","3243431524","3852811589837","Licenciado Aço Peixe","3","Incrível","1","GERAL","158","NOVARTIS","6","Lustroso","49","Casa","4438","Jogos","73","Jóias","N","N","N","1","0","96.5463234577328","0","0","0","0","0"
"1","6913211155","1967-07-15T02:20:00.895Z","8:11:11","8","687823","PA","1","4658056346","8702578311087","Incrível Macio Cadeira","3","Fantástico","1","GERAL","158","NOVARTIS","6","Incrível","8","Automotivo","4545","Esportes","86","Filmes","N","N","N","1","0","255.30807162681594","0","0","0","0","0"
"1","6737312146","1967-11-04T02:09:11.131Z","16:51:45","15","204847","PA","1","8946113812","4122490496141","Refinado Congelado Teclado","3","Lustroso","1","GERAL","158","NOVARTIS","6","Incrível","27","Crianças","2486","Sapatos","4","Beleza","N","N","N","1","0","200.77690727403387","0","0","0","0","0"
"1","7934773240","1968-12-15T04:33:44.563Z","10:37:54","3","204847","PA","1","8108613109","9358865112531","Lindo Granito Bacon","3","Prático","1","GERAL","158","NOVARTIS","6","Gostoso","30","Música","8670","Filmes","13","Automotivo","N","N","N","1","0","33.988786664791405","0","0","0","0","0"
"1","8690355755","1968-01-15T00:35:45.505Z","11:0:20","9","689238","PA","1","400019656","7438462303020","Feito à mão Concreto Carro","3","Genérico","1","GERAL","158","NOVARTIS","6","Gostoso","30","Roupas","2466","Crianças","32","Bebê","N","N","N","1","0","252.26194911822677","0","0","0","0","0"
"1","7076117133","1969-04-06T22:05:38.257Z","9:30:21","5","689238","PA","1","9596030574","2106915452983","Inteligente Granito Mesa","3","Feito à mão","1","GERAL","158","NOVARTIS","6","Refinado","72","Saúde","4731","Saúde","71","Jogos","N","N","N","1","0","275.3628886649385","0","0","0","0","0"
"1","5238899300","1967-10-10T21:14:32.506Z","2:44:58","8","689238","PA","1","7646247837","2664759404258","Lustroso Borracha Mouse","3","Gostoso","1","GERAL","158","NOVARTIS","6","Feito à mão","9","Roupas","1287","Industrial","28","Turismo","N","N","N","1","0","201.59499996341765","0","0","0","0","0"
"1","3739025875","1968-03-01T11:15:26.339Z","4:12:34","3","689238","PA","1","2866009956","3943856285186","Rústico Concreto Chapéu","3","Genérico","1","GERAL","158","NOVARTIS","6","Feito à mão","98","Esportes","6244","Brinquedos","97","Esportes","N","N","N","1","0","100.11492602480575","0","0","0","0","0"
"1","4598164642","1969-06-07T06:41:48.441Z","10:35:46","3","891482","PA","1","3973605605","7780888991663","Pequeno Algodão Queijo","3","Licenciado","1","GERAL","158","NOVARTIS","6","Genérico","6","Jardim","3373","Livros","96","Jóias","N","N","N","1","0","97.43525749631226","0","0","0","0","0"
"1","5972534879","1967-12-04T12:14:12.638Z","8:47:46","9","891482","PA","1","9973743895","1451796091394","Gostoso Aço Frango","3","Genérico","1","GERAL","158","NOVARTIS","6","Inteligente","9","Computadores","4105","Eletrônicos","34","Esportes","N","N","N","1","0","63.085339604411274","0","0","0","0","0"
"1","9012914700","1967-02-28T15:19:47.379Z","21:10:0","13","891482","PA","1","9411404165","7272246478823","Rústico Macio Queijo","3","Refinado","1","GERAL","158","NOVARTIS","6","Gostoso","82","Industrial","2182","Jóias","12","Turismo","N","N","N","1","0","45.48696956364438","0","0","0","0","0"
"1","936064332","1967-03-30T03:16:57.110Z","6:47:47","15","276755","PA","1","5013945280","7216160086449","Gostoso Algodão Luvas","3","Pequeno","1","GERAL","158","NOVARTIS","6","Ergonômico","92","Beleza","9724","Jogos","79","Crianças","N","N","N","1","0","257.0335647123866","0","0","0","0","0"
"1","5061506121","1968-03-23T11:31:48.061Z","1:40:17","12","276755","PA","1","1404645993","8835485912626","Licenciado Borracha Frango","3","Lustroso","1","GERAL","158","NOVARTIS","6","Ergonômico","43","Ferramentas","81","Computadores","23","Filmes","N","N","N","1","0","52.66354922764003","0","0","0","0","0"
"1","5433560151","1968-02-24T07:13:24.168Z","6:13:35","14","659617","PA","1","9094185209","8167978691169","Inteligente Concreto Queijo","3","Inteligente","1","GERAL","158","NOVARTIS","6","Gostoso","74","Turismo","944","Eletrônicos","57","Ferramentas","N","N","N","1","0","194.77850258164108","0","0","0","0","0"
"1","8454014880","1967-08-17T19:18:10.132Z","15:24:0","14","659617","PA","1","3393700214","6501041226321","Prático Concreto Sapatos","3","Lindo","1","GERAL","158","NOVARTIS","6","Lindo","41","Brinquedos","4265","Filmes","68","Filmes","N","N","N","1","0","214.6786091919057","0","0","0","0","0"
"1","2750349001","1967-04-25T07:02:18.409Z","18:31:35","6","749913","PA","1","9485948844","9447615125682","Ergonômico Borracha Salsicha","3","Lindo","1","GERAL","158","NOVARTIS","6","Ergonômico","20","Livros","4225","Saúde","27","Turismo","N","N","N","1","0","119.49351673014462","0","0","0","0","0"
"1","8692978443","1967-11-16T01:04:06.638Z","2:34:33","9","749913","PA","1","3717986718","5420286770211","Feito à mão Plástico Sapatos","3","Incrível","1","GERAL","158","NOVARTIS","6","Inteligente","43","Jardim","1904","Casa","54","Livros","N","N","N","1","0","121.86674241349101","0","0","0","0","0"
"1","1370505947","1968-11-07T10:01:48.815Z","11:12:47","15","266975","PA","1","3105350093","6206209500553","Genérico Metal Sapatos","3","Gostoso","1","GERAL","158","NOVARTIS","6","Pequeno","89","Brinquedos","4479","Jóias","58","Computadores","N","N","N","1","0","97.59945230605081","0","0","0","0","0"
"1","3813465824","1969-02-10T15:45:17.714Z","8:28:9","12","266975","PA","1","7901834147","3052669790573","Gostoso Algodão Camiseta","3","Impressionante","1","GERAL","158","NOVARTIS","6","Inteligente","91","Brinquedos","5512","Mercearia","20","Saúde","N","N","N","1","0","217.26841258630157","0","0","0","0","0"
"1","7594082304","1968-09-16T11:02:50.258Z","4:34:8","1","266975","PA","1","4319644184","7082960771629","Gostoso Concreto Camiseta","3","Gostoso","1","GERAL","158","NOVARTIS","6","Refinado","96","Brinquedos","3138","Jardim","17","Ferramentas","N","N","N","1","0","217.93708895007148","0","0","0","0","0"
"1","3772760916","1968-07-18T17:26:19.941Z","6:55:42","6","266975","PA","1","1535046862","8787297873524","Incrível Aço Frango","3","Genérico","1","GERAL","158","NOVARTIS","6","Inteligente","66","Eletrônicos","2111","Crianças","39","Jóias","N","N","N","1","0","29.894560132641345","0","0","0","0","0"
"1","9288521383","1967-04-09T12:06:10.108Z","21:42:53","2","290784","PA","1","8204252568","5694846949074","Licenciado Plástico Mouse","3","Licenciado","1","GERAL","158","NOVARTIS","6","Prático","13","Beleza","1079","Ferramentas","86","Casa","N","N","N","1","0","197.22927608760074","0","0","0","0","0"
"1","4387164295","1968-01-07T14:38:39.247Z","10:43:33","13","290784","PA","1","828275120","1847332230536","Sem marca Algodão Peixe","3","Rústico","1","GERAL","158","NOVARTIS","6","Lustroso","84","Sapatos","1668","Brinquedos","39","Bebê","N","N","N","1","0","226.04788907570764","0","0","0","0","0"
"1","9021551702","1969-04-02T13:39:30.101Z","16:11:33","6","290784","PA","1","7745332955","1562123294221","Prático Aço Queijo","3","Refinado","1","GERAL","158","NOVARTIS","6","Sem marca","67","Livros","7353","Jardim","80","Computadores","N","N","N","1","0","117.88629911467433","0","0","0","0","0"
"1","9542479533","1968-05-07T04:48:11.265Z","7:14:54","15","290784","PA","1","9217922885","6671333031728","Lustroso Congelado Bola","3","Sem marca","1","GERAL","158","NOVARTIS","6","Impressionante","50","Crianças","1070","Mercearia","69","Automotivo","N","N","N","1","0","151.15034509822726","0","0","0","0","0"
"1","2664417920","1969-03-11T10:51:24.333Z","0:54:34","12","639135","PA","1","805966051","2558957991190","Feito à mão Madeira Peixe","3","Pequeno","1","GERAL","158","NOVARTIS","6","Impressionante","95","Mercearia","3993","Casa","11","Roupas","N","N","N","1","0","279.32945331465453","0","0","0","0","0"
"1","3961199280","1968-10-13T17:03:15.866Z","21:59:51","10","639135","PA","1","9182524315","8203637337777","Licenciado Aço Queijo","3","Licenciado","1","GERAL","158","NOVARTIS","6","Gostoso","41","Saúde","6616","Música","61","Crianças","N","N","N","1","0","295.95064692478627","0","0","0","0","0"
"1","1915601001","1968-12-02T07:10:45.540Z","12:57:33","9","639135","PA","1","7117012115","1889201934449","Lindo Congelado Salgadinhos","3","Fantástico","1","GERAL","158","NOVARTIS","6","Licenciado","41","Esportes","6961","Eletrônicos","85","Saúde","N","N","N","1","0","187.9731789319776","0","0","0","0","0"
"1","9840547249","1969-06-03T23:59:25.614Z","14:36:2","15","577429","PA","1","2515451387","9610320024192","Rústico Concreto Carro","3","Inteligente","1","GERAL","158","NOVARTIS","6","Genérico","71","Ferramentas","9146","Livros","50","Jardim","N","N","N","1","0","77.29489854257554","0","0","0","0","0"
"1","7313048525","1968-07-26T12:40:20.302Z","3:3:37","11","577429","PA","1","8065830955","3932446815539","Gostoso Congelado Computador","3","Genérico","1","GERAL","158","NOVARTIS","6","Feito à mão","45","Livros","4537","Bebê","25","Livros","N","N","N","1","0","165.18840626301244","0","0","0","0","0"
"1","7877038170","1968-05-24T22:02:32.288Z","4:6:3","2","577429","PA","1","4507727064","8595420175930","Pequeno Plástico Pizza","3","Sem marca","1","GERAL","158","NOVARTIS","6","Feito à mão","2","Jóias","3213","Jardim","66","Mercearia","N","N","N","1","0","50.38814211264253","0","0","0","0","0"
"1","9959754988","1969-06-25T04:44:55.019Z","12:27:42","3","848654","PA","1","5109580532","8139176556607","Lustroso Macio Carro","3","Feito à mão","1","GERAL","158","NOVARTIS","6","Impressionante","9","Jardim","3361","Automotivo","12","Brinquedos","N","N","N","1","0","221.0420930297114","0","0","0","0","0"
"1","8491302116","1967-10-19T10:59:11.306Z","23:59:51","6","848654","PA","1","5845292108","4202948774443","Genérico Granito Bacon","3","Rústico","1","GERAL","158","NOVARTIS","6","Lindo","52","Livros","9604","Música","48","Ferramentas","N","N","N","1","0","207.21708475379273","0","0","0","0","0"
"1","1852437063","1969-02-05T09:10:53.397Z","3:8:33","3","201924","PA","1","3771517542","5337281304877","Prático Plástico Bola","3","Lindo","1","GERAL","158","NOVARTIS","6","Rústico","6","Crianças","284","Ferramentas","6","Automotivo","N","N","N","1","0","88.20739645464346","0","0","0","0","0"
"1","7458346386","1969-09-19T12:31:22.284Z","16:51:3","13","201924","PA","1","9364063984","8837090573506","Rústico Madeira Atum","3","Licenciado","1","GERAL","158","NOVARTIS","6","Licenciado","91","Jogos","3025","Computadores","46","Esportes","N","N","N","1","0","40.47425035946071","0","0","0","0","0"
"1","9214431499","1968-09-16T17:48:38.137Z","6:5:58","15","201924","PA","1","9880771543","9647460385924","Feito à mão Granito Queijo","3","Licenciado","1","GERAL","158","NOVARTIS","6","Lindo","4","Industrial","8370","Automotivo","19","Computadores","N","N","N","1","0","136.1398185058497","0","0","0","0","0"
"1","7765287426","1969-06-14T11:12:50.519Z","18:27:33","7","201924","PA","1","6648012874","7863915979629","Feito à mão Congelado Mouse","3","Genérico","1","GERAL","158","NOVARTIS","6","Prático","72","Beleza","626","Livros","50","Esportes","N","N","N","1","0","102.18803636357188","0","0","0","0","0"
"1","1358066891","1969-10-01T08:18:35.389Z","15:13:34","13","201924","PA","1","5423920748","4605347548611","Sem marca Plástico Atum","3","Lindo","1","GERAL","158","NOVARTIS","6","Inteligente","20","Turismo","6520","Sapatos","70","Jóias","N","N","N","1","0","54.639103337191045","0","0","0","0","0"
"1","1693968119","1968-05-13T03:55:30.703Z","4:13:46","4","340073","PA","1","5225606828","7872395743615","Fantástico Algodão Teclado","3","Fantástico","1","GERAL","158","NOVARTIS","6","Feito à mão","38","Sapatos","7890","Industrial","65","Turismo","N","N","N","1","0","15.524641906376928","0","0","0","0","0"
"1","2715131671","1967-09-14T23:36:09.927Z","15:35:1","6","340073","PA","1","3578292348","4980095838662","Genérico Congelado Calças","3","Prático","1","GERAL","158","NOVARTIS","6","Pequeno","44","Mercearia","6551","Filmes","35","Música","N","N","N","1","0","207.91179902246222","0","0","0","0","0"
"1","1187687330","1968-04-05T09:00:09.040Z","9:56:28","14","340073","PA","1","8546031122","3538549013668","Genérico Borracha Calças","3","Feito à mão","1","GERAL","158","NOVARTIS","6","Lustroso","75","Saúde","7184","Música","87","Eletrônicos","N","N","N","1","0","258.3051276281476","0","0","0","0","0"
"1","7532140899","1969-08-09T07:53:19.425Z","3:55:29","11","948335","PA","1","420472094","6557465501595","Lindo Fresco Mesa","3","Incrível","1","GERAL","158","NOVARTIS","6","Fantástico","60","Bebê","4377","Brinquedos","45","Industrial","N","N","N","1","0","48.963142581284046","0","0","0","0","0"
"1","773601567","1968-10-02T06:46:50.546Z","15:21:8","5","948335","PA","1","5597649938","3142745525343","Refinado Aço Bacon","3","Prático","1","GERAL","158","NOVARTIS","6","Incrível","70","Bebê","4157","Jogos","51","Jóias","N","N","N","1","0","185.86651194188744","0","0","0","0","0"
"1","4436322234","1967-07-29T04:55:40.429Z","15:41:38","13","948335","PA","1","8015666166","2409502513706","Feito à mão Congelado Calças","3","Impressionante","1","GERAL","158","NOVARTIS","6","Sem marca","13","Beleza","3656","Eletrônicos","83","Saúde","N","N","N","1","0","272.98044898733497","0","0","0","0","0"
"1","2292846309","1969-11-06T13:12:43.963Z","11:13:8","14","948335","PA","1","9156811370","9977760195732","Incrível Congelado Bacon","3","Prático","1","GERAL","158","NOVARTIS","6","Genérico","15","Eletrônicos","9545","Brinquedos","48","Eletrônicos","N","N","N","1","0","221.52910061879084","0","0","0","0","0"
"1","627496914","1967-08-18T09:24:21.731Z","10:43:26","1","761212","PA","1","2037548074","1762514851288","Refinado Borracha Luvas","3","Refinado","1","GERAL","158","NOVARTIS","6","Pequeno","37","Roupas","6165","Jardim","39","Crianças","N","N","N","1","0","96.63339701481164","0","0","0","0","0"
"1","5688687137","1969-07-09T00:24:16.904Z","12:45:25","8","761212","PA","1","3782044500","8550673945341","Lustroso Congelado Cadeira","3","Ergonômico","1","GERAL","158","NOVARTIS","6","Lindo","97","Esportes","4727","Sapatos","40","Esportes","N","N","N","1","0","163.91661528358236","0","0","0","0","0"
"1","5093212316","1967-11-04T22:07:18.075Z","5:55:8","12","761212","PA","1","5666481927","7845442675752","Inteligente Plástico Atum","3","Refinado","1","GERAL","158","NOVARTIS","6","Licenciado","58","Esportes","1978","Saúde","8","Música","N","N","N","1","0","69.7674090298824","0","0","0","0","0"
"1","5036057013","1969-09-28T18:00:47.413Z","7:36:10","1","761212","PA","1","2203560788","7245798998977","Pequeno Fresco Carro","3","Pequeno","1","GERAL","158","NOVARTIS","6","Inteligente","69","Saúde","2588","Eletrônicos","93","Livros","N","N","N","1","0","239.16062134783715","0","0","0","0","0"
"1","1100882434","1969-01-15T06:21:07.831Z","19:27:16","7","761212","PA","1","7559358978","2052279186435","Rústico Metal Toalhas","3","Ergonômico","1","GERAL","158","NOVARTIS","6","Licenciado","78","Computadores","8790","Jóias","98","Jóias","N","N","N","1","0","135.05945127876475","0","0","0","0","0"
"1","7678715083","1968-09-07T04:37:52.656Z","14:40:59","15","131460","PA","1","3942656159","5573603274999","Rústico Congelado Queijo","3","Inteligente","1","GERAL","158","NOVARTIS","6","Lindo","82","Computadores","190","Industrial","58","Computadores","N","N","N","1","0","73.22227318538353","0","0","0","0","0"
"1","5612899666","1969-04-15T20:44:28.355Z","11:20:23","7","131460","PA","1","2661509507","3405382534954","Feito à mão Macio Bacon","3","Rústico","1","GERAL","158","NOVARTIS","6","Prático","30","Roupas","2047","Esportes","56","Casa","N","N","N","1","0","75.07665624190122","0","0","0","0","0"
"1","3808340086","1967-02-14T11:23:23.857Z","13:53:19","15","131460","PA","1","3963797074","6885912221390","Refinado Congelado Salsicha","3","Sem marca","1","GERAL","158","NOVARTIS","6","Feito à mão","96","Ferramentas","4676","Jogos","52","Beleza","N","N","N","1","0","284.76808881014585","0","0","0","0","0"
"1","119454999","1969-02-13T16:30:14.165Z","16:52:12","3","131460","PA","1","4103527812","4399608106818","Lustroso Borracha Chapéu","3","Prático","1","GERAL","158","NOVARTIS","6","Gostoso","26","Jogos","4774","Crianças","36","Jardim","N","N","N","1","0","143.63160734670237","0","0","0","0","0"
"1","3105183556","1968-05-20T01:48:46.095Z","23:37:16","3","131460","PA","1","6659525169","8442184929503","Inteligente Madeira Frango","3","Refinado","1","GERAL","158","NOVARTIS","6","Inteligente","33","Música","5166","Jardim","34","Sapatos","N","N","N","1","0","262.1042950018309","0","0","0","0","0"
"1","8986334214","1969-02-25T00:20:34.291Z","2:38:27","3","429495","PA","1","4635657149","9301865641726","Refinado Borracha Camiseta","3","Prático","1","GERAL","158","NOVARTIS","6","Inteligente","32","Roupas","6566","Jogos","91","Bebê","N","N","N","1","0","152.39435879699886","0","0","0","0","0"
"1","6179929844","1969-12-21T06:57:37.238Z","6:15:22","5","429495","PA","1","6934640887","3308037848211","Inteligente Fresco Carro","3","Impressionante","1","GERAL","158","NOVARTIS","6","Rústico","74","Esportes","7048","Sapatos","43","Roupas","N","N","N","1","0","86.31801585899666","0","0","0","0","0"
"1","8611626075","1968-12-18T02:51:15.353Z","2:26:30","7","594432","PA","1","8438372672","3367002114653","Gostoso Macio Salsicha","3","Lindo","1","GERAL","158","NOVARTIS","6","Inteligente","28","Bebê","6728","Livros","11","Esportes","N","N","N","1","0","260.98195906402543","0","0","0","0","0"
"1","3284181657","1967-07-01T09:57:54.484Z","3:15:28","13","594432","PA","1","2504143520","8843966460321","Rústico Concreto Salgadinhos","3","Refinado","1","GERAL","158","NOVARTIS","6","Genérico","23","Sapatos","4569","Roupas","99","Música","N","N","N","1","0","91.96971430396661","0","0","0","0","0"
"1","42076069","1967-01-20T14:01:39.205Z","4:28:38","6","594432","PA","1","7216041791","8991813894826","Refinado Congelado Bicicleta","3","Lustroso","1","GERAL","158","NOVARTIS","6","Sem marca","83","Mercearia","3362","Computadores","38","Sapatos","N","N","N","1","0","21.03379528503865","0","0","0","0","0"
"1","8773286244","1967-08-30T12:11:16.747Z","2:55:4","4","594432","PA","1","3215406963","4208520621526","Ergonômico Aço Luvas","3","Prático","1","GERAL","158","NOVARTIS","6","Feito à mão","61","Industrial","9568","Brinquedos","85","Casa","N","N","N","1","0","200.99733563233167","0","0","0","0","0"
"1","6922579801","1968-02-19T07:21:21.199Z","21:55:32","7","594432","PA","1","6057154797","1264878822956","Feito à mão Aço Pizza","3","Feito à mão","1","GERAL","158","NOVARTIS","6","Inteligente","82","Filmes","7739","Brinquedos","15","Roupas","N","N","N","1","0","120.51604903675616","0","0","0","0","0"
"1","5846537666","1967-03-31T23:39:31.367Z","18:22:43","9","279783","PA","1","7222171589","9530426430515","Rústico Granito Atum","3","Ergonômico","1","GERAL","158","NOVARTIS","6","Lustroso","77","Automotivo","4252","Ferramentas","32","Jogos","N","N","N","1","0","144.44957042764872","0","0","0","0","0"
"1","1328769920","1968-11-16T02:12:20.276Z","22:13:20","3","279783","PA","1","4674919751","9132201900705","Gostoso Concreto Bicicleta","3","Rústico","1","GERAL","158","NOVARTIS","6","Pequeno","99","Brinquedos","8815","Bebê","33","Jóias","N","N","N","1","0","204.40722614573315","0","0","0","0","0"
"1","6984758402","1969-01-28T13:47:58.337Z","14:10:26","9","279783","PA","1","891619265","6651972471969","Fantástico Congelado Frango","3","Prático","1","GERAL","158","NOVARTIS","6","Ergonômico","35","Casa","6803","Industrial","2","Jóias","N","N","N","1","0","228.33099651383236","0","0","0","0","0"
"1","7496380452","1967-09-08T07:39:18.374Z","8:16:21","8","279783","PA","1","5397556231","9475736190797","Inteligente Fresco Chapéu","3","Gostoso","1","GERAL","158","NOVARTIS","6","Fantástico","57","Jardim","8410","Roupas","47","Jóias","N","N","N","1","0","228.33132823649794","0","0","0","0","0"
"1","5764811577","1968-04-18T10:23:06.145Z","20:6:18","11","576740","PA","1","2265838695","9114523712545","Ergonômico Fresco Cadeira","3","Lustroso","1","GERAL","158","NOVARTIS","6","Genérico","78","Bebê","8864","Esportes","62","Música","N","N","N","1","0","111.05354260420427","0","0","0","0","0"
"1","1305363926","1967-12-23T16:11:33.277Z","20:11:2","11","576740","PA","1","6945055995","5269398886244","Pequeno Algodão Calças","3","Genérico","1","GERAL","158","NOVARTIS","6","Prático","41","Livros","6580","Turismo","52","Automotivo","N","N","N","1","0","284.75354192825034","0","0","0","0","0"
"1","2410179337","1969-02-23T22:07:24.725Z","22:47:6","13","576740","PA","1","6356079753","9953365446068","Pequeno Metal Mouse","3","Prático","1","GERAL","158","NOVARTIS","6","Impressionante","3","Esportes","1625","Roupas","61","Jardim","N","N","N","1","0","10.199423784855753","0","0","0","0","0"
"1","1543581779","1967-10-07T15:57:29.189Z","21:57:59","13","877140","PA","1","4693085875","4911702593322","Incrível Congelado Carro","3","Lustroso","1","GERAL","158","NOVARTIS","6","Genérico","75","Sapatos","4293","Jóias","50","Automotivo","N","N","N","1","0","158.7001210176386","0","0","0","0","0"
"1","8007825082","1967-03-28T03:52:20.359Z","13:26:14","6","877140","PA","1","632570624","9318924841005","Incrível Algodão Carro","3","Gostoso","1","GERAL","158","NOVARTIS","6","Incrível","61","Jóias","5638","Automotivo","56","Ferramentas","N","N","N","1","0","240.59319707518443","0","0","0","0","0"
"1","3471987427","1968-11-03T05:14:09.154Z","18:52:6","13","101935","PA","1","1959928091","6598587382584","Lindo Metal Pizza","3","Refinado","1","GERAL","158","NOVARTIS","6","Feito à mão","40","Roupas","9523","Jardim","72","Automotivo","N","N","N","1","0","148.77276115771383","0","0","0","0","0"
"1","8466429775","1967-03-01T18:53:45.296Z","6:6:16","13","101935","PA","1","4347927861","3880430268822","Incrível Macio Carro","3","Feito à mão","1","GERAL","158","NOVARTIS","6","Sem marca","2","Mercearia","2598","Bebê","38","Jardim","N","N","N","1","0","15.447010754141957","0","0","0","0","0"
"1","6966633454","1969-11-16T14:00:46.081Z","9:18:25","14","101935","PA","1","6963055071","2880152998492","Ergonômico Algodão Salada","3","Genérico","1","GERAL","158","NOVARTIS","6","Rústico","65","Jardim","3620","Música","10","Roupas","N","N","N","1","0","44.674295658711344","0","0","0","0","0"
"1","5693832680","1969-08-19T20:02:36.012Z","5:2:7","1","101935","PA","1","4639008292","2826846101786","Inteligente Concreto Queijo","3","Licenciado","1","GERAL","158","NOVARTIS","6","Impressionante","29","Beleza","4354","Roupas","59","Livros","N","N","N","1","0","277.6667071566917","0","0","0","0","0"
"1","7933715461","1968-08-14T15:11:54.095Z","20:10:4","15","101935","PA","1","7911342897","9138325897278","Licenciado Congelado Queijo","3","Pequeno","1","GERAL","158","NOVARTIS","6","Incrível","88","Eletrônicos","8155","Industrial","68","Mercearia","N","N","N","1","0","19.903793091420084","0","0","0","0","0"
"1","5058423812","1969-03-16T03:06:33.770Z","17:55:48","3","979351","PA","1","2657085005","8625553926685","Sem marca Concreto Cadeira","3","Feito à mão","1","GERAL","158","NOVARTIS","6","Incrível","73","Jóias","146","Música","81","Automotivo","N","N","N","1","0","249.14261373132467","0","0","0","0","0"
"1","7672109743","1967-09-29T13:04:26.412Z","0:51:13","7","979351","PA","1","9859314598","6823850011918","Inteligente Macio Sapatos","3","Genérico","1","GERAL","158","NOVARTIS","6","Impressionante","64","Crianças","4709","Roupas","76","Beleza","N","N","N","1","0","82.10099622560665","0","0","0","0","0"
"1","5671988644","1967-12-22T10:27:14.513Z","20:49:13","12","979351","PA","1","9036789063","9241226876387","Licenciado Plástico Camiseta","3","Gostoso","1","GERAL","158","NOVARTIS","6","Incrível","23","Jogos","3916","Roupas","72","Bebê","N","N","N","1","0","269.72811314091086","0","0","0","0","0"
"1","7829878977","1969-05-09T19:48:00.272Z","10:20:48","12","979351","PA","1","993427150","3396569242468","Lindo Concreto Sapatos","3","Licenciado","1","GERAL","158","NOVARTIS","6","Sem marca","7","Música","5989","Sapatos","44","Turismo","N","N","N","1","0","70.7231712047942","0","0","0","0","0"
"1","152474414","1968-10-23T06:07:42.340Z","20:0:30","15","452161","PA","1","7197748297","1177903648465","Pequeno Algodão Bacon","3","Genérico","1","GERAL","158","NOVARTIS","6","Sem marca","8","Mercearia","42","Beleza","71","Música","N","N","N","1","0","133.0676743281074","0","0","0","0","0"
"1","2994028344","1967-07-01T21:44:51.924Z","0:48:3","3","452161","PA","1","6115007219","4878744082525","Prático Metal Computador","3","Pequeno","1","GERAL","158","NOVARTIS","6","Prático","99","Bebê","4939","Livros","46","Filmes","N","N","N","1","0","74.44947164645419","0","0","0","0","0"
"1","6822713686","1968-08-11T22:58:39.043Z","21:17:38","4","452161","PA","1","2811168484","1967559579992","Lustroso Congelado Salsicha","3","Lustroso","1","GERAL","158","NOVARTIS","6","Impressionante","85","Casa","5927","Turismo","58","Casa","N","N","N","1","0","53.14475843496621","0","0","0","0","0"
"1","8901365450","1968-02-19T21:57:54.395Z","16:0:39","9","452161","PA","1","2464077219","5116469996282","Inteligente Borracha Cadeira","3","Pequeno","1","GERAL","158","NOVARTIS","6","Refinado","42","Roupas","6089","Livros","44","Crianças","N","N","N","1","0","154.97901212936267","0","0","0","0","0"
"1","2101852964","1967-02-06T12:56:51.254Z","8:14:59","12","452161","PA","1","7923067102","3254850963596","Refinado Metal Bola","3","Lindo","1","GERAL","158","NOVARTIS","6","Inteligente","3","Casa","1370","Esportes","35","Crianças","N","N","N","1","0","217.3389198537916","0","0","0","0","0"
"1","9093661597","1969-02-03T05:28:00.993Z","23:55:52","14","285080","PA","1","6612041474","3456147215096","Sem marca Concreto Computador","3","Rústico","1","GERAL","158","NOVARTIS","6","Genérico","48","Jóias","8987","Beleza","39","Eletrônicos","N","N","N","1","0","109.13544145878404","0","0","0","0","0"
"1","2023574196","1967-04-03T15:41:07.636Z","13:33:50","11","285080","PA","1","5895262987","4040272667771","Incrível Borracha Salada","3","Refinado","1","GERAL","158","NOVARTIS","6","Fantástico","27","Música","2774","Esportes","53","Brinquedos","N","N","N","1","0","251.40414837235585","0","0","0","0","0"
"1","3165877338","1968-11-04T14:24:37.386Z","5:46:43","1","285080","PA","1","9678910491","9442648489726","Licenciado Plástico Bacon","3","Rústico","1","GERAL","158","NOVARTIS","6","Fantástico","53","Crianças","6656","Roupas","57","Jardim","N","N","N","1","0","42.36495701316744","0","0","0","0","0"
"1","2694931978","1968-12-25T23:53:21.070Z","11:57:59","2","285080","PA","1","8816698091","3517931625247","Licenciado Aço Teclado","3","Pequeno","1","GERAL","158","NOVARTIS","6","Fantástico","5","Sapatos","1419","Saúde","61","Jardim","N","N","N","1","0","117.54001756384969","0","0","0","0","0"
"1","3523412240","1967-04-27T00:36:35.041Z","15:45:22","12","152943","PA","1","1667651814","2983883924316","Inteligente Borracha Bola","3","Lindo","1","GERAL","158","NOVARTIS","6","Sem marca","71","Esportes","9354","Industrial","24","Computadores","N","N","N","1","0","196.74524324806407","0","0","0","0","0"
"1","4775684164","1968-05-05T00:48:00.852Z","8:59:40","14","152943","PA","1","5683872171","4346305256476","Lustroso Plástico Atum","3","Impressionante","1","GERAL","158","NOVARTIS","6","Prático","41","Filmes","4266","Bebê","31","Saúde","N","N","N","1","0","165.17163272481412","0","0","0","0","0"
"1","2859185944","1967-12-19T04:31:49.307Z","10:13:47","8","955743","PA","1","8625061418","1174124103737","Sem marca Madeira Bola","3","Lustroso","1","GERAL","158","NOVARTIS","6","Incrível","25","Turismo","3986","Industrial","78","Música","N","N","N","1","0","255.2161096530035","0","0","0","0","0"
"1","7232807132","1968-04-11T04:17:42.678Z","22:32:5","13","955743","PA","1","788910599","6682601102860","Prático Aço Mouse","3","Impressionante","1","GERAL","158","NOVARTIS","6","Lustroso","58","Eletrônicos","8078","Ferramentas","62","Automotivo","N","N","N","1","0","15.917875362560153","0","0","0","0","0"
"1","2787791640","1969-06-13T21:56:37.367Z","17:54:3","13","955743","PA","1","2245627693","9206006850581","Sem marca Fresco Carro","3","Pequeno","1","GERAL","158","NOVARTIS","6","Lustroso","54","Livros","5098","Jóias","42","Sapatos","N","N","N","1","0","113.61117889126763","0","0","0","0","0"
"1","6320414229","1967-06-15T03:11:09.480Z","18:22:33","5","716919","PA","1","9517368744","5057255029212","Pequeno Congelado Queijo","3","Feito à mão","1","GERAL","158","NOVARTIS","6","Prático","44","Bebê","1481","Filmes","67","Sapatos","N","N","N","1","0","200.38326632836834","0","0","0","0","0"
"1","9274154058","1968-03-08T14:37:18.762Z","6:18:11","9","716919","PA","1","2795901620","9043108776444","Sem marca Macio Atum","3","Licenciado","1","GERAL","158","NOVARTIS","6","Ergonômico","78","Crianças","3452","Beleza","89","Livros","N","N","N","1","0","8.210735719650984","0","0","0","0","0"
"1","7034819317","1967-11-08T19:08:43.843Z","14:16:51","5","716919","PA","1","8468604439","3566806508926","Impressionante Macio Frango","3","Gostoso","1","GERAL","158","NOVARTIS","6","Gostoso","76","Bebê","3496","Livros","30","Jardim","N","N","N","1","0","127.14567519724369","0","0","0","0","0"
"1","8616469567","1968-07-10T14:07:08.576Z","21:12:28","6","581659","PA","1","8959851155","9455340700689","Pequeno Aço Chapéu","3","Inteligente","1","GERAL","158","NOVARTIS","6","Ergonômico","93","Beleza","2835","Jóias","12","Sapatos","N","N","N","1","0","169.99943302152678","0","0","0","0","0"
"1","725599903","1967-07-16T23:59:13.797Z","2:59:7","8","581659","PA","1","8574553870","5791746567236","Impressionante Madeira Pizza","3","Lindo","1","GERAL","158","NOVARTIS","6","Rústico","9","Sapatos","9751","Roupas","63","Música","N","N","N","1","0","115.02292103366926","0","0","0","0","0"
"1","1579496896","1967-03-26T17:50:15.723Z","9:12:21","11","581659","PA","1","2888724869","8265627848450","Licenciado Aço Bicicleta","3","Lindo","1","GERAL","158","NOVARTIS","6","Rústico","19","Livros","9870","Ferramentas","31","Jardim","N","N","N","1","0","258.86988619482145","0","0","0","0","0"
"1","1773477013","1969-06-25T03:09:37.745Z","3:30:50","12","581659","PA","1","9484365405","9178998367860","Rústico Fresco Bola","3","Feito à mão","1","GERAL","158","NOVARTIS","6","Ergonômico","41","Roupas","789","Computadores","24","Bebê","N","N","N","1","0","162.6861004284583","0","0","0","0","0"
"1","6020157919","1967-07-20T03:37:31.370Z","5:50:28","14","581659","PA","1","8534071438","1857025926699","Feito à mão Congelado Luvas","3","Incrível","1","GERAL","158","NOVARTIS","6","Incrível","84","Eletrônicos","4899","Bebê","53","Mercearia","N","N","N","1","0","49.26947614736855","0","0","0","0","0"
"1","7105891260","1968-01-11T13:03:04.584Z","0:2:20","15","922180","PA","1","4131721759","9598364938749","Sem marca Macio Sapatos","3","Prático","1","GERAL","158","NOVARTIS","6","Lindo","44","Crianças","825","Mercearia","36","Bebê","N","N","N","1","0","286.69127091160044","0","0","0","0","0"
"1","9320784558","1969-03-15T03:16:25.182Z","20:51:47","1","922180","PA","1","7621726221","5085456604603","Ergonômico Concreto Bicicleta","3","Inteligente","1","GERAL","158","NOVARTIS","6","Inteligente","73","Bebê","8907","Roupas","62","Brinquedos","N","N","N","1","0","216.69491988187656","0","0","0","0","0"
"1","7883987154","1968-02-16T13:47:35.243Z","9:49:14","5","922180","PA","1","1040013621","9305599714629","Impressionante Concreto Sapatos","3","Lindo","1","GERAL","158","NOVARTIS","6","Ergonômico","46","Música","2097","Música","69","Ferramentas","N","N","N","1","0","212.51142415078357","0","0","0","0","0"
"1","4726291206","1968-11-18T20:22:45.296Z","16:4:24","8","922180","PA","1","1381834664","4961875364417","Refinado Macio Chapéu","3","Gostoso","1","GERAL","158","NOVARTIS","6","Prático","37","Industrial","1137","Esportes","60","Industrial","N","N","N","1","0","292.6370464605279","0","0","0","0","0"
"1","2731858848","1967-01-12T15:06:52.235Z","19:4:2","3","176992","PA","1","3163406390","1349994340213","Pequeno Granito Carro","3","Genérico","1","GERAL","158","NOVARTIS","6","Impressionante","51","Esportes","6774","Saúde","99","Bebê","N","N","N","1","0","284.35314989555627","0","0","0","0","0"
"1","7137323078","1969-03-30T18:17:20.461Z","17:33:19","4","176992","PA","1","3853491221","9540656451135","Gostoso Aço Calças","3","Licenciado","1","GERAL","158","NOVARTIS","6","Gostoso","3","Crianças","9004","Beleza","94","Brinquedos","N","N","N","1","0","98.01444103801623","0","0","0","0","0"
"1","248469564","1967-05-27T01:54:04.259Z","21:19:36","6","176992","PA","1","4321560187","2900180961005","Licenciado Metal Peixe","3","Sem marca","1","GERAL","158","NOVARTIS","6","Refinado","85","Esportes","9752","Bebê","69","Computadores","N","N","N","1","0","120.11427335767075","0","0","0","0","0"